policy,avg_queue,max_queue,throughput,fairness
rl,11.353333333333333,60.0,2.2559375,0.9803306068947198
longest_queue,11.198958333333334,60.0,2.2475,0.9804208134798513
round_robin,12.358333333333333,60.0,2.2363541666666666,0.974008410233437
